{
  "project": {
    "version": "1.0.0-beta.18",
    "name": "angular2-admin-lte"
  },
  "apps": [
    {
      "root": "src",
      "outDir": "dist",
      "assets": [
        "assets",
        "favicon.ico"
      ],
      "index": "index.html",
      "main": "main.ts",
      "test": "test.ts",
      "tsconfig": "tsconfig.json",
      "prefix": "app",
      "mobile": false,
      "styles": [
        "styles.css",
        "../node_modules/bootstrap/dist/css/bootstrap.min.css",
        "../node_modules/morris.js/morris.css",
        "../node_modules/bootstrap-datepicker/dist/css/bootstrap-datepicker3.min.css",
        "../node_modules/font-awesome/css/font-awesome.css",
        "../node_modules/ionicons/dist/css/ionicons.css",
        "admin.less"
      ],
      "scripts": [
        "../node_modules/jquery/dist/jquery.min.js",
        "../node_modules/jqueryui/jquery-ui.min.js",
        "scripts.js",
        "../node_modules/bootstrap/dist/js/bootstrap.min.js",
        "../node_modules/admin-lte/dist/js/app.js",
         "../node_modules/raphael/raphael.min.js",
        "../node_modules/morris.js/morris.min.js",
        "../node_modules/jquery-knob/dist/jquery.knob.min.js",
        "../node_modules/bootstrap-datepicker/dist/js/bootstrap-datepicker.min.js",
         "../node_modules/iCheck/icheck.min.js"
      ],
      "environmentSource": "environments/environment.ts",
      "environments": {
        "dev": "environments/environment.ts",
        "prod": "environments/environment.prod.ts"
      }
    }
  ],
  "addons": [],
  "packages": [],
  "e2e": {
    "protractor": {
      "config": "./protractor.conf.js"
    }
  },
  "test": {
    "karma": {
      "config": "./karma.conf.js"
    }
  },
  "defaults": {
    "styleExt": "css",
    "prefixInterfaces": false,
    "inline": {
      "style": false,
      "template": false
    },
    "spec": {
      "class": false,
      "component": true,
      "directive": true,
      "module": false,
      "pipe": true,
      "service": true
    }
  }
}
